{
  "/nix/store/a0d7m3zn9p2dfa1h7ag9h2wzzr2w25sn-gcc-wrapper-14.2.1.20250322/bin/g++" : 
  {
    "hash" : "0352efac1e189bad6fef80f32751072f1b600e51",
    "size" : 10603,
    "timestamp" : 1
  },
  "/nix/store/a0d7m3zn9p2dfa1h7ag9h2wzzr2w25sn-gcc-wrapper-14.2.1.20250322/bin/gcc" : 
  {
    "hash" : "f326c08a3ac3b56b2717aa23c54471df928e576c",
    "size" : 10603,
    "timestamp" : 1
  }
}